Benchmark,esift2,nqueens,qsort,coin
CPI,1.77421,20.3013,2.60725,1.01097
Cycle_count,7200252,19589735,9892947,43272902
dc_miss,22462,803,43747,34
dec_overload,476151,1289436,160816,7123201
ds_miss,1,13372,2,1
ex_overload,106716,77109,736071,318304
ic_miss,22,156391,30,26
Instruction_count,4058282,964950,3794394,42803374
IPC,0.563631,0.0492579,0.383545,0.98915
Total_time,72002525,195897355,98929475,432729025
