Benchmark,esift2,nqueens,qsort,coin
CPI,2.13437,39.9641,6.44939,4.38161
Cycle_count,8661892,38563337,24471509,187547513
dc_miss,36639,50925,86686,1296535
dec_overload,240184,1117005,842311,7009685
ds_miss,2,41484,4614,13
ex_overload,130764,84018,149885,203001
ic_miss,34,310362,96628,79
Instruction_count,4058282,964950,3794394,42803374
IPC,0.468521,0.0250225,0.155054,0.228227
Total_time,86618925,385633375,244715095,1875475135
