Benchmark,esift2,nqueens,qsort,coin
CPI,2.12822,38.0427,7.08146,1.29956
Cycle_count,8636930,36709313,26869832,55625625
dc_miss,36631,590,69117,47
dec_overload,476256,3234221,663980,7123742
ds_miss,2,41484,4614,13
ex_overload,106716,76743,624374,318304
ic_miss,33,319431,122168,113866
Instruction_count,4058282,964950,3794394,42803374
IPC,0.469876,0.0262862,0.141214,0.76949
Total_time,86369305,367093135,268698325,556256255
