Benchmark,esift2,nqueens,qsort,coin
CPI,2.12845,40.6352,7.48529,4.67273
Cycle_count,8637842,39210891,28402128,200008593
dc_miss,36639,50925,86686,1296535
dec_overload,476256,2368718,663648,7123742
ds_miss,2,41484,4614,13
ex_overload,106716,264951,827492,318304
ic_miss,33,319249,123991,113866
Instruction_count,4058282,964950,3794394,42803374
IPC,0.469826,0.0246092,0.133595,0.214008
Total_time,86378425,392108915,284021285,2000085935
